,Player,Team,GP,MIN,W,L,STL,BLK,DREB,DFGM,DFGA,DFG%
0,A.J. Lawson,TOR,14,17.5,8,6,0.2,0.1,2.5,0.7,0.8,90.9
1,AJ Green,MIL,62,22.4,37,25,0.5,0.1,2.0,1.4,1.9,73.5
2,AJ Johnson,WAS,17,13.5,5,12,0.4,0.1,1.4,1.4,2.0,70.6
3,Aaron Gordon,DEN,43,27.6,28,15,0.5,0.2,3.3,2.0,2.9,66.7
4,Aaron Holiday,HOU,52,12.4,32,20,0.3,0.2,1.0,0.7,1.0,64.8
5,Aaron Nesmith,IND,33,24.8,20,13,0.7,0.4,3.1,1.5,2.6,55.8
6,Aaron Wiggins,OKC,69,22.7,57,12,0.8,0.3,2.7,1.8,2.6,67.6
7,Adam Flagler,OKC,28,4.7,25,3,0.3,0.1,0.4,0.2,0.3,85.7
8,Adama Sanogo,CHI,4,5.4,2,2,0.0,0.0,0.3,0.8,1.8,42.9
9,Adem Bona,PHI,47,12.5,11,36,0.3,0.9,2.0,1.7,2.8,61.4
10,Ajay Mitchell,OKC,34,16.5,29,5,0.7,0.1,1.5,0.8,1.1,75.0
11,Al Horford,BOS,54,27.4,38,16,0.6,0.9,4.6,2.3,3.5,65.3
12,Alec Burks,MIA,39,17.0,19,20,0.6,0.2,2.2,0.9,1.3,65.4
13,Alex Caruso,OKC,45,19.3,37,8,1.6,0.6,2.1,0.8,1.7,49.4
14,Alex Ducas,OKC,19,5.1,18,1,0.3,0.0,0.7,0.3,0.4,85.7
15,Alex Len,LAL,44,8.2,20,24,0.2,0.5,1.2,1.0,1.5,63.6
16,Alex Reese,PHI,11,14.7,3,8,0.7,0.7,2.4,1.7,3.1,55.9
17,Alex Sarr,WAS,54,26.9,9,45,0.7,1.5,4.6,5.3,8.5,62.4
18,Alondes Williams,DET,1,3.7,0,1,0.0,0.0,0.0,0.0,0.0,0.0
19,Alperen Sengun,HOU,67,31.5,45,22,1.1,0.8,7.1,4.1,7.0,59.4
20,Amen Thompson,HOU,61,32.5,37,24,1.4,1.3,5.5,1.8,3.1,57.2
21,Amir Coffey,LAC,68,24.7,39,29,0.6,0.1,1.8,1.3,1.7,73.9
22,Andre Drummond,PHI,40,18.8,12,28,1.0,0.5,5.0,2.3,3.3,70.2
23,Andre Jackson Jr.,MIL,60,15.2,34,26,0.6,0.2,1.9,0.9,1.3,67.1
24,Andrew Nembhard,IND,53,28.9,35,18,1.2,0.2,2.6,1.5,2.2,67.2
25,Andrew Wiggins,MIA,54,30.8,24,30,1.0,0.8,3.0,1.7,2.7,62.1
26,Anfernee Simons,POR,67,32.7,28,39,0.9,0.1,2.4,1.9,2.4,76.7
27,Anthony Black,ORL,66,23.8,30,36,1.0,0.5,2.2,1.5,2.1,71.5
28,Anthony Davis,DAL,43,34.2,25,18,1.3,2.2,9.1,3.5,6.2,56.3
29,Anthony Edwards,MIN,69,36.3,40,29,1.1,0.6,5.0,1.8,2.6,67.6
30,Anthony Gill,WAS,46,6.8,6,40,0.2,0.0,0.8,0.2,0.4,64.7
31,Anton Watson,NYK,5,2.7,3,2,0.0,0.0,0.2,0.4,0.4,100
32,Antonio Reeves,NOP,34,10.5,4,30,0.4,0.1,0.6,0.6,0.8,74.1
33,Ariel Hukporti,NYK,25,8.7,17,8,0.0,0.6,1.5,1.3,2.4,54.2
34,Armel Traoré,LAL,9,7.4,5,4,0.4,0.2,1.4,0.7,1.2,54.5
35,Ausar Thompson,DET,49,21.4,30,19,1.7,0.5,3.0,0.9,1.5,63.0
36,Austin Reaves,LAL,61,34.5,39,22,1.1,0.3,3.7,2.5,3.2,75.8
37,Ayo Dosunmu,CHI,46,30.3,17,29,0.9,0.4,2.9,1.7,2.6,63.9
38,Bam Adebayo,MIA,68,34.4,30,38,1.3,0.7,7.3,3.1,4.3,71.6
39,Baylor Scheierman,BOS,20,9.6,18,2,0.4,0.1,1.3,0.6,0.8,80.0
40,Ben Sheppard,IND,55,20.1,35,20,0.6,0.2,2.2,0.9,1.3,68.9
41,Ben Simmons,LAC,43,23.3,19,24,0.8,0.5,4.0,1.3,1.9,68.3
42,Bennedict Mathurin,IND,63,30.2,37,26,0.6,0.4,4.2,2.5,3.6,68.4
43,Bilal Coulibaly,WAS,58,33.0,12,46,1.3,0.7,3.5,2.0,3.2,63.0
44,Bismack Biyombo,SAS,18,17.6,7,11,0.7,0.7,3.5,2.1,4.1,51.4
45,Blake Wesley,SAS,46,9.7,20,26,0.6,0.1,0.6,0.3,0.4,84.2
46,Bobby Portis,MIL,46,25.2,27,19,0.7,0.5,6.5,2.5,3.7,68.0
47,Bobi Klintman,DET,6,2.9,4,2,0.0,0.2,0.7,0.0,0.0,0.0
48,Bogdan Bogdanović,LAC,43,25.4,23,20,0.8,0.2,2.6,1.7,2.4,70.2
49,Bol Bol,PHX,32,13.3,10,22,0.3,0.8,2.6,0.9,1.4,60.9
50,Bones Hyland,MIN,21,10.4,10,11,0.8,0.2,0.8,0.4,0.7,60.0
51,Bradley Beal,PHX,48,32.2,21,27,1.0,0.5,2.7,2.3,3.0,77.1
52,Branden Carlson,OKC,21,6.6,19,2,0.2,0.5,1.2,0.9,1.3,64.3
53,Brandin Podziemski,GSW,53,25.8,31,22,1.1,0.2,3.9,1.2,1.8,67.4
54,Brandon Boston,NOP,42,23.6,8,34,1.3,0.2,2.5,1.5,1.9,81.3
55,Brandon Clarke,MEM,64,18.9,40,24,0.8,0.6,3.1,1.6,2.8,56.1
56,Brandon Ingram,TOR,18,33.1,5,13,0.9,0.6,4.6,2.4,3.5,69.8
57,Brandon Miller,CHA,27,34.2,8,19,1.1,0.7,3.9,2.1,3.6,58.3
58,Brandon Williams,DAL,27,13.6,11,16,0.6,0.1,1.3,1.2,1.7,73.3
59,Brice Sensabaugh,UTA,61,18.8,13,48,0.6,0.1,2.2,1.0,1.4,72.9
60,Bronny James,LAL,23,5.9,14,9,0.2,0.1,0.4,0.5,0.7,75.0
61,Brook Lopez,MIL,68,31.9,40,28,0.7,1.9,3.6,4.1,7.1,57.6
62,Bruce Brown,NOP,35,21.6,14,21,0.8,0.1,2.7,1.3,1.8,69.8
63,Bruno Fernando,TOR,17,8.6,2,15,0.2,0.5,1.8,0.9,1.5,61.5
64,Bryce McGowens,POR,13,2.5,8,5,0.1,0.0,0.1,0.2,0.2,100
65,Bub Carrington,WAS,69,29.3,14,55,0.7,0.2,3.6,1.3,1.7,75.7
66,Buddy Hield,GSW,69,23.0,40,29,0.8,0.3,2.7,1.7,2.4,70.7
67,CJ McCollum,NOP,55,32.8,17,38,0.8,0.4,3.0,1.7,2.2,77.5
68,Cade Cunningham,DET,65,35.1,37,28,1.0,0.7,5.4,2.2,3.7,58.8
69,Caleb Houstan,ORL,46,11.8,20,26,0.3,0.1,0.7,0.6,0.7,82.4
70,Caleb Martin,DAL,36,28.9,13,23,1.0,0.6,2.9,2.2,3.3,67.2
71,Cam Christie,LAC,7,5.0,5,2,0.4,0.0,0.7,0.1,0.1,100
72,Cam Reddish,LAL,33,17.9,15,18,1.0,0.3,1.5,1.1,1.5,73.5
73,Cam Spencer,MEM,18,10.6,10,8,0.3,0.1,0.9,0.9,1.0,94.4
74,Cam Thomas,BKN,24,31.3,8,16,0.6,0.1,2.8,2.7,3.3,83.3
75,Cam Whitmore,HOU,43,16.4,25,18,0.7,0.3,2.3,0.9,1.3,70.4
76,Cameron Johnson,BKN,54,32.0,20,34,1.0,0.5,3.4,2.0,3.0,68.3
77,Cameron Payne,NYK,64,14.6,42,22,0.5,0.2,1.2,0.7,0.9,73.3
78,Caris LeVert,ATL,53,24.8,41,12,0.9,0.5,2.5,1.7,2.3,71.0
79,Cason Wallace,OKC,60,27.4,49,11,1.7,0.6,2.4,1.4,2.1,66.7
80,Charles Bassey,SAS,34,10.7,14,20,0.4,0.9,2.8,1.9,3.0,62.4
81,Chet Holmgren,OKC,24,27.0,20,4,0.8,2.5,6.6,2.7,6.5,41.7
82,Chris Boucher,TOR,50,17.2,18,32,0.5,0.5,3.1,1.1,1.7,65.9
83,Chris Duarte,CHI,17,4.4,4,13,0.0,0.0,0.9,0.5,0.9,53.3
84,Chris Livingston,MIL,17,4.6,12,5,0.3,0.0,0.9,0.5,0.9,53.3
85,Chris Paul,SAS,70,28.1,31,39,1.3,0.2,3.2,1.5,1.9,80.5
86,Christian Braun,DEN,70,33.4,43,27,1.1,0.5,3.8,1.5,2.3,68.4
87,Christian Koloko,LAL,34,9.4,22,12,0.2,0.3,1.5,1.3,2.2,57.3
88,Chuma Okeke,PHI,6,23.1,1,5,0.7,0.3,3.2,2.0,3.0,66.7
89,Clint Capela,ATL,54,21.5,26,28,0.6,1.0,5.4,2.1,3.8,56.2
90,Coby White,CHI,63,33.2,26,37,1.0,0.2,3.2,1.9,2.5,75.9
91,Cody Martin,PHX,43,24.1,14,29,1.2,0.7,3.5,1.9,3.0,61.5
92,Cody Williams,UTA,47,21.0,9,38,0.4,0.3,1.7,1.7,2.3,74.3
93,Colby Jones,WAS,29,7.0,10,19,0.4,0.3,0.8,0.3,0.6,47.1
94,Cole Anthony,ORL,60,18.4,29,31,0.7,0.4,2.3,1.0,1.5,65.9
95,Cole Swider,DET,2,6.5,0,2,0.0,0.0,1.0,0.0,0.0,0.0
96,Colin Castleton,TOR,18,14.5,13,5,0.4,0.4,2.2,1.3,2.4,52.3
97,Collin Gillespie,PHX,22,9.6,10,12,0.3,0.1,1.1,0.8,1.2,65.4
98,Collin Sexton,UTA,55,28.0,13,42,0.7,0.1,1.8,1.1,1.5,74.1
99,Corey Kispert,WAS,60,26.2,13,47,0.4,0.2,2.4,1.6,2.1,74.4
100,Cory Joseph,ORL,40,10.2,18,22,0.5,0.1,0.8,0.8,1.0,78.9
101,Craig Porter Jr.,CLE,45,8.6,37,8,0.3,0.3,0.8,0.6,0.9,69.2
102,Cui Yongxi,BKN,5,2.1,2,3,0.0,0.0,0.4,0.4,0.4,100
103,D'Angelo Russell,BKN,53,25.7,25,28,1.0,0.4,2.4,1.8,2.5,69.6
104,D.J. Carton,TOR,4,8.3,1,3,0.5,0.0,1.0,0.5,0.8,66.7
105,DaQuan Jeffries,CHA,35,21.8,7,28,0.5,0.6,2.0,1.1,1.6,70.2
106,Daeqwon Plowden,ATL,2,16.4,1,1,0.0,0.0,1.0,1.0,2.0,50.0
107,Daishen Nix,MIN,3,4.4,3,0,0.0,0.0,1.3,0.3,0.3,100
108,Dalano Banton,POR,57,14.9,24,33,0.7,0.5,1.5,0.9,1.2,74.3
109,Dalen Terry,CHI,63,12.7,26,37,0.6,0.2,1.0,0.7,1.1,64.3
110,Dalton Knecht,LAL,66,20.5,40,26,0.4,0.1,2.5,1.5,1.9,75.8
111,Damian Lillard,MIL,57,36.1,32,25,1.2,0.2,4.1,1.7,2.2,79.7
112,Damion Baugh,CHA,10,25.7,0,10,1.4,0.1,2.5,1.9,2.3,82.6
113,Damion Lee,PHX,18,6.0,5,13,0.2,0.0,0.7,0.2,0.5,44.4
114,Daniel Gafford,DAL,51,21.9,26,25,0.4,1.9,4.1,2.8,6.0,47.4
115,Daniel Theis,NOP,38,16.3,10,28,0.5,0.5,3.2,1.8,2.9,59.8
116,Daniss Jenkins,DET,5,2.0,3,2,0.0,0.0,0.0,0.2,0.2,100
117,Danté Exum,DAL,18,19.1,6,12,0.7,0.2,1.4,1.1,1.7,66.7
118,Dario Šarić,DEN,15,13.5,7,8,0.5,0.1,2.3,2.1,2.9,72.7
119,Dariq Whitehead,BKN,10,5.9,3,7,0.3,0.1,0.5,0.4,0.5,80.0
120,Darius Garland,CLE,66,30.5,53,13,1.2,0.2,2.2,1.1,1.7,64.9
121,David Duke Jr.,SAS,4,4.4,0,4,0.0,0.0,0.8,0.5,1.0,50.0
122,David Roddy,HOU,30,12.5,9,21,0.5,0.3,2.2,1.2,1.9,64.3
123,Davion Mitchell,MIA,63,26.6,19,44,0.8,0.2,1.7,1.3,1.7,75.5
124,Day'Ron Sharpe,BKN,48,18.0,14,34,0.7,0.8,3.6,1.9,3.1,60.5
125,De'Aaron Fox,SAS,61,36.1,26,35,1.5,0.4,3.9,1.7,2.4,72.9
126,De'Andre Hunter,CLE,55,27.4,32,23,0.7,0.2,3.3,1.5,2.3,66.9
127,De'Anthony Melton,BKN,6,20.2,4,2,1.2,0.3,2.3,0.3,0.5,66.7
128,DeAndre Jordan,DEN,47,12.0,32,15,0.3,0.4,3.4,1.0,1.5,65.7
129,DeMar DeRozan,SAC,64,35.8,32,32,0.9,0.3,3.3,2.0,2.8,72.9
130,Dean Wade,CLE,51,21.3,42,9,0.7,0.4,3.6,1.6,2.9,57.5
131,Deandre Ayton,POR,40,30.1,17,23,0.8,1.0,7.1,1.9,3.6,53.5
132,Dejounte Murray,NOP,31,32.7,9,22,2.0,0.4,5.9,2.9,3.8,77.1
133,Delon Wright,NYK,31,13.7,16,15,0.8,0.3,1.1,0.7,1.1,69.7
134,Deni Avdija,POR,66,29.4,31,35,0.9,0.5,5.6,2.6,3.8,68.1
135,Dennis Schröder,DET,64,27.7,33,31,1.0,0.2,2.2,1.2,1.6,71.8
136,Dereck Lively II,DAL,32,24.0,19,13,0.5,1.7,4.8,2.9,5.3,54.4
137,Derrick Jones Jr.,LAC,65,24.4,38,27,1.0,0.4,2.2,1.6,2.1,75.4
138,Derrick White,BOS,65,33.7,48,17,1.0,1.1,3.5,2.2,3.8,57.3
139,Desmond Bane,MEM,59,31.7,34,25,1.2,0.4,5.3,1.5,2.3,65.9
140,Devin Booker,PHX,65,37.4,33,32,1.0,0.2,3.1,2.0,2.7,71.3
141,Devin Carter,SAC,26,11.1,12,14,0.6,0.1,1.9,0.7,0.8,85.0
142,Devin Vassell,SAS,55,30.9,23,32,1.3,0.6,3.4,1.7,2.8,61.9
143,Dillon Brooks,HOU,67,32.5,43,24,0.8,0.2,2.7,1.8,2.6,71.5
144,Dillon Jones,OKC,43,9.5,36,7,0.2,0.1,1.5,0.5,0.7,69.0
145,Domantas Sabonis,SAC,57,34.7,30,27,0.6,0.4,9.9,4.2,6.4,65.2
146,Dominick Barlow,ATL,25,10.3,9,16,0.3,0.6,1.5,1.1,1.7,64.3
147,Donovan Clingan,POR,57,18.4,25,32,0.4,1.6,4.4,1.9,4.0,48.2
148,Donovan Mitchell,CLE,65,31.2,51,14,1.3,0.2,3.6,1.0,1.4,69.9
149,Donte DiVincenzo,MIN,53,26.5,30,23,1.2,0.2,3.2,1.4,2.0,66.7
150,Dorian Finney-Smith,LAL,51,28.1,29,22,0.9,0.3,2.5,2.2,3.5,63.0
151,Doug McDermott,SAC,36,7.9,18,18,0.1,0.1,0.4,0.5,0.9,56.3
152,Draymond Green,GSW,56,29.2,34,22,1.4,1.1,5.0,2.3,3.8,60.1
153,Drew Eubanks,LAC,51,13.1,16,35,0.2,0.7,2.9,1.5,2.7,54.0
154,Drew Peterson,BOS,19,7.9,13,6,0.3,0.1,1.3,0.2,0.5,40.0
155,Dru Smith,MIA,14,19.2,8,6,1.5,0.4,1.7,0.6,0.9,61.5
156,Duncan Robinson,MIA,67,24.5,28,39,0.6,0.1,2.1,1.5,1.9,78.5
157,Duop Reath,POR,40,9.7,17,23,0.3,0.3,1.1,1.0,1.8,56.9
158,Dwight Powell,DAL,46,9.7,21,25,0.3,0.5,1.3,1.0,1.8,56.0
159,Dyson Daniels,ATL,65,33.9,32,33,3.0,0.7,4.1,2.7,3.9,70.0
160,E.J. Liddell,CHI,7,4.7,2,5,0.1,0.1,0.6,1.0,1.3,77.8
161,Elfrid Payton,NOP,14,19.9,1,13,1.1,0.4,2.2,0.9,1.7,50.0
162,Elijah Harkless,UTA,9,13.3,1,8,1.0,0.1,1.3,0.8,0.9,87.5
163,Emanuel Miller,CHI,1,2.4,0,1,0.0,0.0,0.0,0.0,0.0,0.0
164,Emoni Bates,CLE,7,3.9,7,0,0.1,0.0,0.0,0.0,0.0,0.0
165,Enrique Freeman,IND,20,7.0,6,14,0.1,0.1,0.7,0.8,1.2,62.5
166,Eric Gordon,PHI,39,19.7,12,27,0.7,0.3,1.0,0.7,0.8,81.8
167,Evan Mobley,CLE,63,30.2,52,11,0.8,1.5,7.0,3.4,6.0,56.8
168,Franz Wagner,ORL,50,33.5,25,25,1.3,0.4,4.7,1.4,2.1,66.0
169,Fred VanVleet,HOU,53,35.3,36,17,1.6,0.4,3.4,1.6,2.2,72.2
170,GG Jackson,MEM,25,16.3,16,9,0.4,0.2,2.3,0.7,1.3,56.3
171,Gabe Vincent,LAL,60,21.3,39,21,0.7,0.2,1.0,0.8,1.3,65.3
172,Garrett Temple,TOR,25,7.3,10,15,0.6,0.1,0.8,0.4,0.7,61.1
173,Garrison Mathews,ATL,45,17.5,20,25,0.6,0.3,1.6,1.1,1.6,71.8
174,Gary Harris,ORL,36,15.4,19,17,0.6,0.3,0.9,0.9,1.2,78.6
175,Gary Payton II,GSW,55,14.7,33,22,0.7,0.3,2.0,0.7,1.2,57.6
176,Gary Trent Jr.,MIL,63,25.1,37,26,1.0,0.1,2.0,0.8,1.2,70.3
177,Georges Niang,ATL,68,21.8,50,18,0.4,0.2,3.0,1.7,2.4,70.6
178,Giannis Antetokounmpo,MIL,57,33.9,34,23,0.8,1.3,9.7,2.2,3.8,57.5
179,Goga Bitadze,ORL,59,21.3,30,29,0.7,1.6,4.4,2.3,4.0,58.5
180,Gradey Dick,TOR,54,29.4,15,39,0.9,0.2,2.8,1.7,2.3,75.0
181,Grant Williams,CHA,16,29.9,6,10,1.1,0.8,4.0,3.1,5.1,61.0
182,Grayson Allen,PHX,53,24.8,27,26,0.9,0.4,2.6,1.3,1.8,73.4
183,Guerschon Yabusele,PHI,65,26.7,23,42,0.8,0.3,3.7,3.6,5.0,72.1
184,Gui Santos,GSW,44,13.1,28,16,0.4,0.2,1.9,1.0,1.6,61.4
185,Harrison Barnes,SAS,70,27.1,31,39,0.3,0.2,2.5,1.7,2.4,69.9
186,Harrison Ingram,SAS,3,5.8,0,3,0.3,0.0,1.3,0.0,0.0,0.0
187,Haywood Highsmith,MIA,62,24.3,28,34,1.0,0.6,2.3,1.4,2.2,61.2
188,Herbert Jones,NOP,20,32.4,5,15,1.9,0.5,2.8,2.2,3.1,69.4
189,Hunter Tyson,DEN,46,7.7,28,18,0.2,0.1,1.1,0.6,0.9,70.7
190,Immanuel Quickley,TOR,28,28.5,9,19,0.7,0.1,3.2,1.4,2.1,67.8
191,Isaac Jones,SAC,31,8.3,14,17,0.1,0.3,0.9,0.9,1.6,58.0
192,Isaac Okoro,CLE,45,18.7,37,8,0.6,0.4,1.3,0.9,1.3,70.7
193,Isaiah Collier,UTA,63,25.3,14,49,0.9,0.2,2.9,1.1,1.4,80.0
194,Isaiah Crawford,SAC,11,3.4,6,5,0.1,0.1,0.6,0.1,0.3,33.3
195,Isaiah Hartenstein,OKC,49,28.3,43,6,0.8,1.1,8.1,3.0,5.2,57.6
196,Isaiah Jackson,IND,5,16.8,1,4,0.6,1.6,3.4,2.8,5.8,48.3
197,Isaiah Joe,OKC,64,21.1,54,10,0.6,0.1,2.0,1.0,1.4,70.5
198,Isaiah Stewart,DET,65,19.8,35,30,0.4,1.4,3.7,2.0,4.3,46.5
199,Isaiah Wong,CHA,20,13.3,2,18,0.6,0.0,0.9,0.6,0.8,75.0
200,Ivica Zubac,LAC,69,32.7,40,29,0.7,1.2,8.8,3.8,6.8,55.8
201,JD Davison,BOS,11,4.6,10,1,0.3,0.0,0.5,0.5,0.6,71.4
202,JT Thor,WAS,12,7.3,8,4,0.4,0.3,0.5,0.2,0.3,66.7
203,Ja Morant,MEM,43,30.0,28,15,1.2,0.3,3.5,1.5,2.1,71.1
204,Ja'Kobe Walter,TOR,45,20.1,15,30,0.7,0.2,1.8,1.6,2.2,74.2
205,Jabari Smith Jr.,HOU,49,30.4,33,16,0.4,0.8,4.8,2.3,4.1,55.4
206,Jabari Walker,POR,51,11.7,19,32,0.5,0.1,2.5,1.1,1.6,69.1
207,Jack McVeigh,HOU,7,4.1,5,2,0.0,0.1,0.4,0.3,0.6,50.0
208,Jackson Rowe,GSW,5,8.5,3,2,0.6,0.0,1.6,0.6,0.6,100
209,Jacob Toppin,ATL,16,3.0,12,4,0.1,0.0,0.6,0.0,0.1,0.0
210,Jaden Hardy,DAL,48,15.2,25,23,0.5,0.1,1.4,0.6,1.0,63.0
211,Jaden Ivey,DET,30,29.9,14,16,0.9,0.4,2.8,1.4,1.9,73.7
212,Jaden McDaniels,MIN,72,32.2,41,31,1.4,0.9,4.3,2.3,3.8,61.3
213,Jaden Springer,UTA,33,6.2,20,13,0.4,0.1,0.7,0.2,0.3,63.6
214,Jae Crowder,SAC,7,13.1,2,5,0.4,0.0,1.6,0.9,1.1,75.0
215,Jae'Sean Tate,HOU,46,11.4,33,13,0.5,0.1,1.3,0.7,1.1,65.3
216,Jahlil Okafor,IND,1,3.4,0,1,0.0,0.0,1.0,0.0,0.0,0.0
217,Jahmir Young,CHI,1,2.4,0,1,0.0,0.0,1.0,0.0,0.0,0.0
218,Jaime Jaquez Jr.,MIA,58,21.7,26,32,1.0,0.2,3.2,1.4,2.2,65.4
219,Jake LaRavia,SAC,64,20.5,40,24,0.9,0.4,2.6,1.6,2.2,74.3
220,Jakob Poeltl,TOR,52,29.9,19,33,1.2,1.2,6.3,3.8,6.2,60.9
221,Jalen Bridges,PHX,5,5.0,0,5,0.0,0.0,0.6,0.2,0.2,100
222,Jalen Brunson,NYK,61,35.4,39,22,1.0,0.1,2.6,1.7,2.2,75.0
223,Jalen Duren,DET,68,25.9,39,29,0.7,1.2,6.8,3.1,5.1,62.2
224,Jalen Green,HOU,71,33.6,45,26,0.9,0.3,4.0,1.9,2.9,67.3
225,Jalen Hood-Schifino,PHI,7,19.4,3,4,0.4,0.7,1.4,1.6,1.9,84.6
226,Jalen Johnson,ATL,36,35.7,18,18,1.6,1.0,8.3,3.1,4.9,62.9
227,Jalen McDaniels,WAS,4,1.8,2,2,0.3,0.0,0.0,0.3,0.3,100
228,Jalen Pickett,DEN,39,11.4,26,13,0.4,0.1,0.9,0.5,0.7,66.7
229,Jalen Smith,CHI,57,15.0,23,34,0.3,0.7,4.2,1.8,3.2,57.5
230,Jalen Suggs,ORL,35,28.6,20,15,1.5,0.9,3.4,1.9,2.9,66.7
231,Jalen Williams,OKC,60,32.5,48,12,1.7,0.7,4.7,1.5,2.8,55.8
232,Jalen Wilson,BKN,69,25.7,22,47,0.5,0.0,2.3,1.5,2.0,75.6
233,Jamal Cain,NOP,27,11.6,4,23,0.4,0.3,1.3,0.9,1.4,62.2
234,Jamal Murray,DEN,63,36.4,38,25,1.4,0.5,3.1,2.5,3.6,67.7
235,Jamal Shead,TOR,64,18.4,23,41,0.6,0.1,1.0,0.7,0.9,76.3
236,Jamaree Bouyea,MIL,1,4.6,1,0,1.0,0.0,0.0,0.0,0.0,0.0
237,James Harden,LAC,68,35.1,40,28,1.5,0.7,5.1,2.0,2.7,74.1
238,James Johnson,IND,12,3.1,5,7,0.0,0.2,0.5,0.1,0.3,33.3
239,James Wiseman,IND,1,4.6,1,0,0.0,0.0,1.0,2.0,2.0,100
240,Jamison Battle,TOR,47,15.1,15,32,0.2,0.2,1.6,1.1,1.7,66.3
241,Jarace Walker,IND,62,15.5,36,26,0.8,0.3,2.5,1.0,1.3,79.5
242,Jared Butler,PHI,49,14.9,5,44,0.5,0.2,1.3,0.7,1.1,63.0
243,Jared McCain,PHI,23,25.7,7,16,0.7,0.0,1.9,2.3,2.7,85.2
244,Jared Rhoden,TOR,9,14.4,6,3,0.8,0.1,1.9,1.2,1.4,84.6
245,Jaren Jackson Jr.,MEM,64,29.5,38,26,1.3,1.6,4.5,2.5,4.7,54.2
246,Jarred Vanderbilt,LAL,24,16.2,18,6,1.0,0.3,3.2,1.5,2.0,74.5
247,Jarrett Allen,CLE,71,28.6,57,14,1.0,1.0,7.4,3.0,5.8,52.3
248,Javonte Green,CLE,58,20.0,17,41,1.0,0.5,2.4,1.2,2.1,59.2
249,Jaxson Hayes,LAL,45,19.8,31,14,0.6,1.0,3.4,1.7,3.1,54.0
250,Jay Huff,MEM,56,11.8,33,23,0.3,0.9,1.6,2.0,3.5,57.1
251,Jaylen Brown,BOS,54,35.1,38,16,1.2,0.3,4.7,1.5,2.3,65.6
252,Jaylen Clark,MIN,30,14.1,20,10,1.1,0.0,0.6,0.9,1.2,70.3
253,Jaylen Martin,WAS,9,8.9,2,7,0.2,0.0,1.6,0.4,0.7,66.7
254,Jaylen Nowell,NOP,8,21.0,1,7,0.1,0.5,1.8,1.9,2.4,78.9
255,Jaylen Wells,MEM,71,25.8,43,28,0.5,0.1,2.2,1.4,1.8,76.6
256,Jaylin Williams,OKC,40,16.9,33,7,0.4,0.6,4.7,1.4,2.4,60.6
257,Jaylon Tyson,CLE,42,8.8,34,8,0.2,0.0,1.2,0.6,0.9,73.0
258,Jayson Tatum,BOS,63,36.3,45,18,1.1,0.5,8.0,2.0,2.9,68.7
259,Jazian Gortman,DAL,16,3.5,8,8,0.1,0.1,0.3,0.2,0.3,75.0
260,Jeff Dowtin Jr.,PHI,37,13.9,9,28,0.5,0.2,1.2,0.8,0.9,84.8
261,Jeff Green,HOU,26,12.4,17,9,0.2,0.1,1.3,1.4,1.8,78.3
262,Jerami Grant,POR,47,32.4,22,25,0.9,1.0,2.9,1.6,2.5,63.8
263,Jeremiah Robinson-Earl,NOP,55,17.9,15,40,0.6,0.1,2.9,1.6,2.3,66.7
264,Jeremy Sochan,SAS,50,25.5,21,29,0.8,0.5,4.3,2.3,3.4,66.7
265,Jericho Sims,MIL,52,11.9,34,18,0.2,0.3,2.4,1.1,2.0,53.3
266,Jesse Edwards,MIN,2,2.3,2,0,0.0,0.0,0.0,0.5,0.5,100
267,Jett Howard,ORL,56,11.2,26,30,0.2,0.2,0.8,0.7,0.8,82.2
268,Jevon Carter,CHI,31,7.5,10,21,0.3,0.1,0.9,0.4,0.5,86.7
269,Jimmy Butler III,GSW,43,31.3,28,15,1.2,0.4,3.3,2.0,2.8,70.0
270,Jock Landale,HOU,35,10.8,22,13,0.2,0.3,1.8,1.5,2.2,66.7
271,Joe Ingles,MIN,19,6.0,12,7,0.1,0.0,0.5,0.2,0.2,100
272,Joel Embiid,PHI,19,30.2,8,11,0.7,0.9,6.3,3.2,5.2,61.2
273,John Collins,UTA,39,30.6,12,27,1.0,1.0,5.9,2.4,3.7,64.1
274,John Konchar,MEM,39,12.4,23,16,0.5,0.4,2.5,1.0,1.5,66.7
275,Johnny Davis,WAS,34,7.1,4,30,0.4,0.2,0.8,0.1,0.5,31.3
276,Johnny Furphy,IND,41,6.7,24,17,0.3,0.2,0.8,0.8,0.9,84.2
277,Johnny Juzang,UTA,54,18.6,14,40,0.5,0.1,2.2,1.6,2.2,73.9
278,Jonas Valančiūnas,SAC,69,20.0,18,51,0.5,0.7,5.7,2.7,3.9,68.0
279,Jonathan Isaac,ORL,61,15.7,28,33,0.9,1.1,2.8,1.2,2.5,48.4
280,Jonathan Kuminga,GSW,38,25.5,22,16,0.9,0.5,3.4,1.5,2.4,64.4
281,Jonathan Mogbo,TOR,52,18.4,12,40,0.8,0.5,2.7,1.7,2.6,65.7
282,Jordan Clarkson,UTA,37,26.0,10,27,0.8,0.2,2.5,1.8,2.5,70.7
283,Jordan Goodwin,LAL,16,22.0,10,6,1.3,0.6,2.8,2.5,2.9,85.1
284,Jordan Hawkins,NOP,53,23.4,17,36,0.6,0.4,2.4,2.1,2.9,72.4
285,Jordan McLaughlin,SAS,37,6.1,15,22,0.4,0.0,0.5,0.2,0.3,81.8
286,Jordan Miller,LAC,33,12.0,18,15,0.5,0.1,1.0,1.2,1.4,85.1
287,Jordan Poole,WAS,59,30.2,12,47,1.3,0.4,2.7,1.4,1.8,78.0
288,Jordan Walsh,BOS,43,7.9,32,11,0.2,0.2,0.8,0.5,0.9,52.5
289,Jose Alvarado,NOP,47,23.9,17,30,1.3,0.3,1.9,0.9,1.2,75.0
290,Josh Christopher,MIA,8,3.4,4,4,0.0,0.1,0.4,0.0,0.0,0.0
291,Josh Giddey,CHI,61,29.6,26,35,1.2,0.6,5.9,2.4,3.4,70.0
292,Josh Green,CHA,63,28.3,15,48,1.1,0.2,1.7,1.0,1.4,75.0
293,Josh Hart,NYK,67,37.7,42,25,1.5,0.4,7.5,3.4,4.8,71.1
294,Josh Minott,MIN,40,6.3,27,13,0.4,0.3,0.8,0.3,0.4,68.8
295,Josh Okogie,CHA,32,15.6,11,21,1.3,0.5,1.7,1.0,1.5,68.1
296,Josh Richardson,MIA,8,18.7,4,4,1.0,0.1,0.8,1.0,1.0,100
297,Jrue Holiday,BOS,53,30.5,38,15,1.1,0.5,3.1,1.5,2.1,70.8
298,Julian Champagnie,SAS,70,23.1,31,39,0.8,0.4,2.9,1.9,2.8,69.4
299,Julian Phillips,CHI,68,14.2,29,39,0.5,0.3,1.2,1.3,1.8,73.1
300,Julian Strawther,DEN,61,22.1,39,22,0.6,0.2,1.9,1.1,1.6,70.0
301,Julius Randle,MIN,59,32.1,36,23,0.7,0.2,4.8,2.4,3.6,67.0
302,Justin Champagnie,WAS,49,19.9,12,37,1.0,0.6,3.5,1.3,2.1,62.5
303,Justin Edwards,PHI,37,25.6,11,26,0.8,0.4,2.1,1.8,2.4,73.9
304,Justin Minaya,POR,10,2.5,4,6,0.1,0.0,0.2,0.3,0.6,50.0
305,Jusuf Nurkić,CHA,41,21.0,17,24,0.9,0.6,6.4,2.7,4.3,61.8
306,KJ Martin,UTA,38,21.1,11,27,0.4,0.6,2.3,1.1,2.2,50.0
307,KJ Simpson,CHA,25,21.0,2,23,0.8,0.2,1.6,1.2,1.4,80.6
308,Kai Jones,DAL,31,9.4,16,15,0.2,0.5,1.6,1.2,2.2,53.6
309,Karl-Anthony Towns,NYK,63,35.0,41,22,1.0,0.7,9.9,4.2,6.0,69.3
310,Karlo Matković,NOP,33,17.8,10,23,0.5,1.0,3.1,2.4,4.1,59.0
311,Kawhi Leonard,LAC,28,30.6,17,11,1.5,0.5,4.6,1.6,2.2,73.8
312,Keaton Wallace,ATL,27,16.7,12,15,0.8,0.3,1.1,0.8,1.1,73.3
313,Keegan Murray,SAC,66,34.7,32,34,0.8,0.8,4.8,2.4,4.0,59.3
314,Keion Brooks Jr.,NOP,4,13.1,0,4,0.0,0.8,2.0,1.3,2.3,55.6
315,Kel'el Ware,MIA,52,21.2,21,31,0.6,1.1,5.1,2.8,4.6,61.6
316,Keldon Johnson,SAS,67,23.7,29,38,0.7,0.3,3.3,1.7,2.4,69.6
317,Kelly Olynyk,NOP,37,19.4,10,27,0.7,0.4,3.2,2.0,3.1,62.9
318,Kelly Oubre Jr.,PHI,60,34.6,21,39,1.5,0.5,4.5,2.9,4.2,69.5
319,Kenrich Williams,OKC,57,15.4,48,9,0.6,0.1,2.4,0.8,1.1,69.2
320,Kentavious Caldwell-Pope,ORL,66,30.1,30,36,1.3,0.5,1.7,1.1,1.5,75.0
321,Keon Ellis,SAC,67,23.3,33,34,1.4,0.7,1.8,1.5,2.1,69.4
322,Keon Johnson,BKN,68,24.1,23,45,1.1,0.4,2.9,2.0,2.7,72.7
323,Keshad Johnson,MIA,10,5.7,5,5,0.1,0.4,1.5,0.8,1.4,57.1
324,Kessler Edwards,DAL,39,15.1,17,22,0.5,0.5,2.3,2.0,3.2,63.2
325,Kevin Durant,PHX,58,36.9,32,26,0.8,1.2,5.7,1.9,3.1,61.5
326,Kevin Huerter,CHI,58,23.4,29,29,1.0,0.4,2.6,1.3,2.0,65.0
327,Kevin Knox II,GSW,7,7.3,6,1,0.1,0.6,0.7,0.3,0.7,40.0
328,Kevin Love,MIA,23,10.9,13,10,0.7,0.2,3.1,1.5,2.2,66.7
329,Kevin Porter Jr.,MIL,62,18.5,36,26,1.0,0.2,2.9,1.1,1.7,68.0
330,Kevon Looney,GSW,63,15.3,37,26,0.7,0.5,3.7,1.5,2.6,55.8
331,Keyonte George,UTA,56,31.3,12,44,0.7,0.2,3.4,2.0,2.5,81.4
332,Khris Middleton,WAS,34,23.0,17,17,0.9,0.2,3.5,1.3,1.9,71.4
333,Killian Hayes,BKN,6,27.1,1,5,0.7,0.7,2.2,2.0,2.8,70.6
334,Klay Thompson,DAL,62,27.8,28,34,0.7,0.5,2.9,1.2,1.8,63.7
335,Kobe Brown,LAC,32,6.0,18,14,0.2,0.0,1.0,0.4,0.5,75.0
336,Kobe Bufkin,ATL,10,12.4,6,4,0.3,0.2,1.6,0.7,1.1,63.6
337,Kris Dunn,LAC,63,23.8,35,28,1.8,0.4,2.7,1.2,1.7,70.1
338,Kris Murray,POR,60,14.3,27,33,0.5,0.2,1.4,1.0,1.7,60.0
339,Kristaps Porziņģis,BOS,35,28.9,23,12,0.8,1.6,5.3,3.5,6.7,51.7
340,Kyle Anderson,MIA,50,14.9,23,27,0.6,0.5,2.3,1.2,1.8,66.7
341,Kyle Filipowski,UTA,61,19.8,12,49,0.6,0.2,4.2,2.8,4.0,69.6
342,Kyle Kuzma,MIL,52,29.7,17,35,0.6,0.2,5.3,1.4,2.2,64.3
343,Kyle Lowry,PHI,33,18.9,14,19,0.9,0.3,1.6,1.5,2.1,70.6
344,Kylor Kelley,DAL,8,8.3,3,5,0.0,0.3,1.6,1.9,2.6,71.4
345,Kyrie Irving,DAL,50,36.1,28,22,1.3,0.5,3.6,2.0,2.7,75.9
346,Kyshawn George,WAS,62,27.1,13,49,1.1,0.8,3.5,2.3,3.4,66.4
347,LaMelo Ball,CHA,46,32.1,16,30,1.2,0.3,4.0,1.1,1.6,70.8
348,Lamar Stevens,MEM,9,10.8,4,5,0.4,0.3,2.9,0.4,1.1,40.0
349,Landry Shamet,NYK,38,13.1,23,15,0.5,0.1,0.9,0.6,1.0,59.0
350,Larry Nance Jr.,ATL,24,19.3,10,14,0.8,0.5,3.3,1.4,2.2,64.2
351,Lauri Markkanen,UTA,46,31.4,9,37,0.7,0.3,4.4,1.8,2.9,62.7
352,LeBron James,LAL,58,34.8,37,21,0.9,0.6,7.1,1.9,2.8,67.1
353,Leonard Miller,MIN,10,2.7,8,2,0.2,0.1,0.8,0.3,0.3,100
354,Lester Quinones,NOP,4,4.2,1,3,0.0,0.0,0.3,0.3,0.5,50.0
355,Liam Robbins,MIL,13,4.4,8,5,0.2,0.2,0.4,0.2,0.3,50.0
356,Lindy Waters III,DET,46,14.9,25,21,0.5,0.2,1.8,0.8,1.2,69.1
357,Lonnie Walker IV,PHI,11,18.5,2,9,0.5,0.3,2.6,2.0,2.3,88.0
358,Lonzo Ball,CHI,35,22.2,16,19,1.3,0.5,2.7,1.4,2.3,61.7
359,Luguentz Dort,OKC,62,29.1,50,12,1.1,0.6,2.9,1.2,1.9,61.0
360,Luka Dončić,LAL,38,35.0,24,14,1.9,0.4,7.6,1.9,2.9,66.7
361,Luka Garza,MIN,34,6.2,24,10,0.2,0.1,0.6,0.9,1.4,65.2
362,Luke Kennard,MEM,56,22.8,33,23,0.8,0.1,2.2,1.0,1.3,80.6
363,Luke Kornet,BOS,61,17.9,43,18,0.5,1.0,2.7,2.2,4.0,54.1
364,Luke Travers,CLE,9,6.1,8,1,0.1,0.1,0.8,0.6,1.0,55.6
365,Mac McClung,ORL,2,5.1,1,1,0.0,0.0,0.5,0.5,0.5,100
366,Malachi Flynn,CHA,3,8.3,1,2,0.7,0.0,0.3,0.0,0.3,0.0
367,Malaki Branham,SAS,39,8.2,16,23,0.2,0.1,0.9,0.4,0.6,68.0
368,Malcolm Brogdon,WAS,24,23.5,6,18,0.5,0.2,2.9,1.7,2.0,85.1
369,Malevy Leons,OKC,6,3.5,6,0,0.0,0.0,0.3,0.2,0.3,50.0
370,Malik Beasley,DET,71,27.6,40,31,0.9,0.1,2.1,1.0,1.3,76.3
371,Malik Monk,SAC,57,32.7,31,26,1.0,0.6,3.3,1.5,2.4,64.4
372,MarJon Beauchamp,NYK,32,4.6,18,14,0.1,0.0,0.9,0.3,0.4,61.5
373,Marcus Garrett,CHA,4,19.8,1,3,0.8,0.5,1.3,0.5,0.5,100
374,Marcus Sasser,DET,50,13.4,27,23,0.6,0.1,0.8,0.6,0.8,78.9
375,Marcus Smart,WAS,29,20.6,16,13,1.2,0.3,1.6,0.4,0.8,59.1
376,Mark Williams,CHA,37,26.0,8,29,0.7,1.3,6.9,3.8,5.8,65.3
377,Markelle Fultz,SAC,13,7.4,6,7,0.5,0.1,0.4,0.5,0.7,66.7
378,Markieff Morris,LAL,14,9.4,7,7,0.1,0.1,1.1,0.6,1.0,57.1
379,Marvin Bagley III,MEM,26,8.3,5,21,0.3,0.3,1.3,0.7,1.3,52.9
380,Mason Jones,SAC,9,4.8,4,5,0.0,0.1,0.7,0.0,0.2,0.0
381,Mason Plumlee,PHX,68,17.7,32,36,0.4,0.6,4.6,2.3,3.8,59.8
382,Matas Buzelis,CHI,68,17.2,30,38,0.3,0.9,2.4,2.1,3.4,61.8
383,Matisse Thybulle,POR,5,15.2,4,1,2.2,0.6,2.8,0.6,0.6,100
384,Matt Ryan,NYK,19,3.6,14,5,0.1,0.0,0.4,0.2,0.3,60.0
385,Max Christie,DAL,67,27.3,35,32,0.8,0.4,2.8,2.0,3.0,67.2
386,Max Strus,CLE,42,25.0,32,10,0.6,0.2,3.3,1.4,2.0,70.7
387,Maxi Kleber,LAL,34,18.7,18,16,0.3,0.5,2.1,1.9,2.7,68.8
388,Maxwell Lewis,BKN,18,8.1,6,12,0.3,0.1,0.8,0.6,0.7,76.9
389,Micah Potter,UTA,33,17.7,9,24,0.3,0.3,3.0,2.1,3.4,61.9
390,Michael Porter Jr.,DEN,69,33.6,42,27,0.7,0.4,5.1,2.3,3.5,66.7
391,Mikal Bridges,NYK,70,37.6,44,26,1.0,0.5,2.3,1.7,2.9,61.0
392,Mike Conley,MIN,61,24.7,36,25,1.2,0.2,2.1,1.1,1.4,79.5
393,Miles Bridges,CHA,55,32.2,14,41,0.7,0.7,6.6,1.9,3.3,58.5
394,Miles McBride,NYK,59,24.9,37,22,0.9,0.3,1.8,1.4,2.2,66.1
395,Miles Norris,BOS,1,4.0,1,0,0.0,0.0,2.0,0.0,0.0,0.0
396,Mitchell Robinson,NYK,10,16.3,6,4,1.0,0.9,2.5,2.0,3.1,64.5
397,Mo Bamba,NOP,31,12.8,19,12,0.3,1.0,3.6,1.5,2.9,53.9
398,Monté Morris,PHX,41,12.9,21,20,0.4,0.1,1.2,0.6,0.8,70.6
399,Moritz Wagner,ORL,30,18.8,18,12,0.8,0.4,3.6,1.4,2.3,60.9
400,Moses Brown,DAL,13,9.1,5,8,0.5,0.3,2.5,1.6,2.8,58.3
401,Moses Moody,GSW,61,21.5,37,24,0.7,0.4,1.8,1.3,2.0,63.7
402,Mouhamed Gueye,ATL,22,15.9,9,13,0.9,1.0,2.5,0.9,1.5,58.8
403,Moussa Diabaté,CHA,61,17.5,13,48,0.7,0.6,3.5,2.3,3.7,62.4
404,Myles Turner,IND,61,30.6,36,25,0.8,1.9,5.3,4.4,7.5,58.0
405,N'Faly Dante,HOU,1,18.6,0,1,0.0,2.0,5.0,1.0,3.0,33.3
406,Nae'Qwan Tomlin,CLE,3,4.8,3,0,0.0,0.0,1.7,0.3,1.0,33.3
407,Naji Marshall,DAL,58,26.9,27,31,1.1,0.2,3.7,1.7,2.4,70.7
408,Nate Williams,HOU,13,6.1,10,3,0.3,0.2,0.5,0.3,0.5,57.1
409,Naz Reid,MIN,71,27.9,40,31,0.8,1.0,5.0,2.5,4.0,61.1
410,Neemias Queta,BOS,53,14.0,39,14,0.3,0.7,2.4,1.9,3.2,60.1
411,Nic Claxton,BKN,61,27.4,18,43,0.9,1.4,5.3,3.1,5.1,59.7
412,Nick Richards,PHX,49,22.0,16,33,0.2,1.1,5.9,3.3,5.9,55.0
413,Nick Smith Jr.,CHA,51,22.4,12,39,0.3,0.1,1.8,1.2,1.5,80.5
414,Nickeil Alexander-Walker,MIN,72,25.1,41,31,0.6,0.4,2.6,1.8,2.5,72.8
415,Nicolas Batum,LAC,69,17.8,39,30,0.7,0.5,2.2,1.2,2.0,57.9
416,Nikola Jokić,DEN,62,36.5,41,21,1.8,0.7,10.0,4.8,6.9,69.2
417,Nikola Jović,MIA,46,25.1,21,25,0.8,0.3,3.3,2.0,3.2,63.3
418,Nikola Vučević,CHI,63,31.7,26,37,0.8,0.7,7.8,4.4,6.4,68.8
419,Noah Clowney,BKN,42,22.7,10,32,0.5,0.5,2.9,2.1,3.5,58.8
420,Norman Powell,LAC,50,32.4,30,20,1.3,0.2,3.0,1.2,1.5,75.3
421,OG Anunoby,NYK,64,36.6,39,25,1.5,0.9,3.5,1.8,2.9,61.8
422,Obi Toppin,IND,66,19.5,39,27,0.6,0.3,3.3,1.6,2.4,67.9
423,Ochai Agbaji,TOR,57,27.0,15,42,0.8,0.5,2.8,1.7,2.8,60.5
424,Olivier-Maxence Prosper,DAL,52,11.2,27,25,0.5,0.1,1.6,0.9,1.3,65.2
425,Onyeka Okongwu,ATL,63,26.8,30,33,0.9,1.0,5.6,2.8,4.7,59.9
426,Orlando Robinson,TOR,34,15.9,17,17,0.4,0.3,2.7,1.9,3.4,56.0
427,Oscar Tshiebwe,UTA,8,14.8,2,6,0.8,0.0,5.5,1.1,1.5,75.0
428,Oshae Brissett,PHI,6,23.7,1,5,0.7,0.5,2.5,1.8,2.5,73.3
429,Oso Ighodaro,PHX,50,15.7,23,27,0.4,0.4,2.6,1.7,3.1,54.8
430,Ousmane Dieng,OKC,36,11.0,29,7,0.5,0.2,1.7,0.7,0.9,72.7
431,P.J. Tucker,NYK,1,1.8,0,1,0.0,0.0,0.0,0.0,0.0,0.0
432,P.J. Washington,DAL,50,32.5,28,22,1.2,1.1,6.5,2.7,4.6,59.0
433,PJ Dozier,MIN,9,3.9,7,2,0.1,0.0,0.4,0.4,0.6,80.0
434,PJ Hall,DEN,18,3.4,11,7,0.0,0.2,0.8,0.2,0.4,42.9
435,Pacome Dadiet,NYK,15,6.5,11,4,0.2,0.1,0.9,0.3,0.5,50.0
436,Paolo Banchero,ORL,36,34.1,13,23,0.8,0.7,6.1,2.9,4.2,69.1
437,Pascal Siakam,IND,68,33.0,40,28,0.9,0.5,5.4,2.7,4.1,64.9
438,Pat Connaughton,MIL,34,13.9,14,20,0.2,0.3,2.0,0.6,1.0,60.0
439,Pat Spencer,GSW,31,6.8,18,13,0.4,0.1,0.9,0.6,0.6,94.7
440,Patrick Baldwin Jr.,LAC,22,4.6,1,21,0.1,0.1,0.8,0.4,0.5,66.7
441,Patrick Williams,CHI,52,25.5,23,29,0.8,0.6,3.1,2.2,3.1,70.4
442,Patty Mills,LAC,25,11.9,8,17,0.5,0.1,0.7,0.4,0.6,78.6
443,Paul George,PHI,41,32.5,15,26,1.8,0.5,4.8,2.2,3.3,66.7
444,Paul Reed,DET,38,9.2,20,18,0.9,0.5,1.7,1.1,1.9,59.7
445,Payton Pritchard,BOS,68,28.3,49,19,0.9,0.2,2.4,1.0,1.4,74.7
446,Pelle Larsson,MIA,47,12.6,18,29,0.4,0.1,1.0,0.9,1.2,76.4
447,Pete Nance,MIL,9,8.6,5,4,0.1,0.0,0.9,0.7,0.8,85.7
448,Peyton Watson,DEN,59,23.6,35,24,0.8,1.2,2.6,1.6,2.8,56.4
449,Precious Achiuwa,NYK,47,20.5,30,17,0.8,0.7,3.7,2.2,3.7,61.0
450,Quentin Grimes,PHI,67,25.9,28,39,1.0,0.3,3.4,1.6,2.6,60.8
451,Quenton Jackson,IND,22,13.3,11,11,0.5,0.2,1.0,0.5,0.7,62.5
452,Quincy Olivari,LAL,2,5.2,1,1,0.0,0.0,0.0,0.5,0.5,100
453,Quinten Post,GSW,31,16.8,19,12,0.5,0.5,2.9,1.8,3.1,57.7
454,RJ Barrett,TOR,52,33.0,19,33,0.8,0.3,5.4,1.9,2.8,68.8
455,RayJ Dennis,IND,8,2.9,5,3,0.4,0.0,0.5,0.1,0.1,100
456,Rayan Rupert,POR,43,7.2,19,24,0.2,0.0,0.6,0.6,0.8,76.5
457,Reece Beekman,BKN,30,11.1,12,18,0.6,0.1,0.6,0.7,0.8,87.5
458,Reed Sheppard,HOU,45,11.9,26,19,0.6,0.3,1.0,0.8,1.1,74.5
459,Reggie Jackson,PHI,31,12.4,11,20,0.5,0.1,1.1,0.7,0.8,84.0
460,Richaun Holmes,WAS,27,17.9,7,20,0.2,0.8,3.9,1.8,3.1,57.8
461,Ricky Council IV,PHI,62,15.8,15,47,0.5,0.2,1.9,0.8,1.2,69.4
462,Riley Minix,SAS,1,6.8,0,1,0.0,0.0,2.0,0.0,0.0,0.0
463,Rob Dillingham,MIN,43,11.7,25,18,0.4,0.0,0.9,0.5,0.7,71.9
464,Robert Williams III,POR,20,17.6,7,13,0.7,1.7,4.2,1.0,2.5,40.8
465,Ronald Holland II,DET,71,15.7,40,31,0.6,0.2,2.2,0.8,1.1,72.8
466,Royce O'Neale,PHX,65,25.2,31,34,1.0,0.5,4.2,2.0,2.7,75.3
467,Rudy Gobert,MIN,62,32.7,35,27,0.8,1.5,6.8,3.0,5.7,52.1
468,Rui Hachimura,LAL,51,31.8,31,20,0.8,0.5,3.7,2.5,3.6,68.1
469,Russell Westbrook,DEN,65,28.2,38,27,1.4,0.5,3.6,1.2,1.9,65.3
470,Ryan Dunn,PHX,63,17.8,30,33,0.5,0.6,2.3,1.3,2.1,61.5
471,Ryan Rollins,MIL,45,12.3,23,22,0.7,0.4,1.2,0.7,1.3,54.2
472,Sam Hauser,BOS,59,21.4,42,17,0.6,0.2,2.5,1.1,1.6,67.0
473,Sam Merrill,CLE,62,19.2,48,14,0.7,0.2,1.6,1.0,1.4,69.3
474,Sandro Mamukelashvili,SAS,49,9.4,20,29,0.4,0.3,1.8,1.1,1.9,59.6
475,Santi Aldama,MEM,55,25.2,34,21,0.8,0.5,5.1,2.2,3.3,67.0
476,Scoot Henderson,POR,64,26.6,30,34,1.1,0.2,2.2,1.9,2.5,74.8
477,Scottie Barnes,TOR,55,33.8,21,34,1.5,1.0,6.2,2.9,4.8,61.1
478,Scotty Pippen Jr.,MEM,69,20.7,42,27,1.3,0.4,2.5,0.9,1.2,74.7
479,Seth Curry,CHA,60,14.9,16,44,0.4,0.1,1.2,0.5,0.7,82.1
480,Shaedon Sharpe,POR,64,30.7,29,35,0.8,0.2,3.3,1.6,2.4,68.9
481,Shai Gilgeous-Alexander,OKC,67,34.3,56,11,1.7,1.0,4.1,2.2,3.4,64.6
482,Shake Milton,LAL,53,14.8,27,26,0.4,0.1,1.3,0.8,0.9,82.0
483,Sidy Cissoko,POR,20,3.0,10,10,0.1,0.0,0.4,0.2,0.2,100
484,Simone Fontecchio,DET,64,17.0,34,30,0.4,0.2,2.4,0.9,1.4,66.7
485,Skal Labissiere,SAC,4,3.0,2,2,0.0,0.0,0.5,0.0,0.0,0.0
486,Spencer Dinwiddie,DAL,69,26.4,33,36,0.9,0.2,2.2,1.4,1.9,73.7
487,Spencer Jones,DEN,17,5.5,11,6,0.3,0.2,0.4,0.2,0.3,60.0
488,Stanley Umude,MIL,20,3.2,13,7,0.2,0.2,0.6,0.1,0.1,100
489,Stephen Curry,GSW,58,32.1,33,25,1.1,0.4,3.9,1.0,1.6,64.4
490,Stephon Castle,SAS,69,25.8,30,39,1.0,0.3,2.3,1.6,2.2,70.8
491,Steven Adams,HOU,51,13.1,33,18,0.3,0.5,2.6,1.3,2.3,59.1
492,Svi Mykhailiuk,UTA,28,20.2,5,23,0.6,0.2,1.9,1.4,2.0,69.6
493,T.J. McConnell,IND,66,18.3,40,26,1.1,0.3,1.9,0.8,1.1,74.6
494,Taj Gibson,CHA,28,11.0,8,20,0.3,0.4,2.0,1.3,1.9,66.0
495,Talen Horton-Tucker,CHI,49,11.2,19,30,0.3,0.2,1.4,0.6,0.8,72.5
496,Tari Eason,HOU,48,25.3,30,18,1.8,0.9,4.1,2.0,2.8,71.9
497,Taurean Prince,MIL,68,26.6,39,29,0.9,0.2,3.2,1.8,2.5,70.9
498,Taylor Hendricks,UTA,3,24.8,0,3,1.7,1.3,3.3,3.0,5.0,60.0
499,Tazé Moore,POR,2,9.9,0,2,1.0,0.0,2.0,0.5,0.5,100
500,Terance Mann,ATL,54,20.3,31,23,0.6,0.3,1.9,1.5,2.0,73.1
501,Terrence Shannon Jr.,MIN,30,11.1,20,10,0.2,0.2,1.2,0.4,0.6,57.9
502,Terry Rozier,MIA,58,26.6,24,34,0.6,0.2,3.1,1.0,1.6,62.8
503,Thomas Bryant,IND,53,15.0,35,18,0.4,0.6,2.7,2.0,3.6,57.1
504,Tidjane Salaün,CHA,48,19.2,10,38,0.5,0.3,3.1,1.4,2.1,67.0
505,Tim Hardaway Jr.,DET,66,27.7,37,29,0.5,0.1,2.2,1.2,1.6,76.4
506,Tobias Harris,DET,67,32.1,38,29,1.0,0.8,5.0,2.1,2.8,75.4
507,Tony Bradley,IND,7,5.0,6,1,0.1,0.4,0.9,0.6,0.9,66.7
508,Torrey Craig,BOS,20,10.6,12,8,0.2,0.3,1.2,0.8,1.2,65.2
509,Tosan Evbuomwan,BKN,21,23.9,7,14,0.8,0.3,2.9,1.7,2.7,61.4
510,Toumani Camara,POR,69,32.9,29,40,1.5,0.7,3.6,2.4,3.8,63.7
511,Trae Young,ATL,65,36.1,31,34,1.2,0.2,2.7,1.2,1.5,80.4
512,Trayce Jackson-Davis,GSW,53,17.0,28,25,0.4,0.7,3.3,2.0,3.4,60.3
513,Tre Jones,CHI,45,19.4,20,25,0.8,0.2,1.8,0.7,0.9,71.4
514,Tre Mann,CHA,13,24.5,6,7,0.5,0.3,2.0,1.4,2.2,62.1
515,Trendon Watford,BKN,32,19.1,13,19,0.7,0.2,2.5,1.2,1.8,67.2
516,Trentyn Flowers,LAC,2,7.9,0,2,0.0,0.0,1.5,0.5,0.5,100
517,Trevelin Queen,ORL,28,13.8,12,16,1.0,0.4,0.8,0.7,1.1,62.5
518,Trey Alexander,DEN,19,4.4,12,7,0.1,0.1,0.5,0.3,0.3,83.3
519,Trey Jemison III,LAL,31,11.2,14,17,0.3,0.5,1.7,1.1,1.8,59.6
520,Trey Lyles,SAC,57,18.6,28,29,0.6,0.4,3.4,1.6,2.4,66.9
521,Trey Murphy III,NOP,52,35.1,14,38,1.1,0.7,4.2,2.9,4.1,71.6
522,Tristan Thompson,CLE,36,7.1,30,6,0.0,0.2,2.1,0.7,1.1,61.0
523,Tristan Vukcevic,WAS,25,11.2,4,21,0.4,0.5,2.5,1.8,2.6,68.2
524,Tristan da Silva,ORL,66,22.8,30,36,0.4,0.2,2.4,1.5,2.3,64.9
525,Tristen Newton,MIN,8,2.0,2,6,0.1,0.0,0.3,0.0,0.1,0.0
526,Ty Jerome,CLE,66,19.7,53,13,1.2,0.0,1.8,0.9,1.1,84.3
527,TyTy Washington Jr.,PHX,13,7.9,3,10,0.2,0.0,0.6,0.5,0.6,75.0
528,Tyler Herro,MIA,67,35.6,30,37,0.9,0.2,4.8,1.7,2.6,68.0
529,Tyler Kolek,NYK,34,5.2,22,12,0.3,0.0,0.4,0.2,0.2,75.0
530,Tyler Smith,MIL,19,4.6,10,9,0.1,0.2,0.8,0.5,0.8,60.0
531,Tyrese Haliburton,IND,63,33.9,38,25,1.5,0.6,3.0,1.6,2.3,69.0
532,Tyrese Martin,BKN,52,21.7,14,38,0.6,0.1,2.6,1.3,2.0,65.7
533,Tyrese Maxey,PHI,52,37.7,20,32,1.8,0.4,3.1,1.2,1.6,73.2
534,Tyus Jones,PHX,70,27.9,34,36,0.9,0.1,1.9,0.9,1.1,82.9
535,Ulrich Chomche,TOR,7,4.6,3,4,0.0,0.1,0.6,0.6,0.9,66.7
536,Vasilije Micić,PHX,38,20.3,8,30,0.4,0.0,1.8,1.1,1.3,82.0
537,Victor Wembanyama,SAS,46,33.2,21,25,1.1,3.8,9.2,4.1,8.1,50.0
538,Vince Williams Jr.,MEM,19,18.6,7,12,0.6,0.3,2.8,1.8,2.2,83.3
539,Vlatko Čančar,DEN,10,9.4,2,8,0.1,0.1,2.0,0.6,1.0,60.0
540,Vít Krejčí,ATL,46,20.6,23,23,0.7,0.5,2.2,1.5,2.2,68.7
541,Walker Kessler,UTA,54,30.1,14,40,0.6,2.4,7.7,4.1,7.4,55.2
542,Wendell Carter Jr.,ORL,57,25.8,23,34,0.7,0.5,5.3,2.3,3.9,58.5
543,Wendell Moore Jr.,CHA,31,13.3,10,21,0.5,0.1,1.8,1.0,1.2,83.3
544,Xavier Tillman,BOS,29,7.1,23,6,0.3,0.2,1.0,0.7,1.0,70.0
545,Yuki Kawamura,MEM,20,3.2,16,4,0.1,0.0,0.4,0.3,0.3,83.3
546,Yuri Collins,GSW,2,8.2,2,0,1.0,0.0,0.5,1.0,1.0,100
547,Yves Missi,NOP,65,26.9,17,48,0.5,1.4,4.6,3.9,6.4,61.5
548,Zaccharie Risacher,ATL,63,24.7,32,31,0.8,0.5,2.5,2.1,3.0,70.6
549,Zach Collins,CHI,52,14.9,25,27,0.5,0.5,2.5,1.7,2.9,57.0
550,Zach Edey,MEM,56,20.6,31,25,0.5,1.3,4.1,2.5,4.4,57.5
551,Zach LaVine,SAC,62,34.8,27,35,0.9,0.2,4.2,1.8,2.2,80.1
552,Zeke Nnaji,DEN,51,10.4,34,17,0.4,0.6,1.0,1.3,2.2,56.1
553,Ziaire Williams,BKN,54,24.8,19,35,1.0,0.4,3.7,1.5,2.3,64.8
554,Zion Williamson,NOP,29,28.6,10,19,1.2,0.9,4.8,1.6,2.5,63.9
555,Zyon Pullin,MEM,3,0.9,1,2,0.0,0.0,0.0,0.3,0.3,100
